<!DOCTYPE ULXR-IDL>
<ULXR-IDL version='1.7.5'>
<SOURCE>/home/ea/Dokumente/src/ulxmlrpcpp/branches/1_7_BRANCH/ulxmlrpcpp/stubber/ulxr2xml/dcopidl_test.h</SOURCE>
<INCLUDE>&lt;dcopobject.h&gt;</INCLUDE>
<INCLUDE>&lt;dcopref.h&gt;</INCLUDE>
<INCLUDE>&lt;qstring.h&gt;</INCLUDE>
<CLASS>
    <NAME>Test</NAME>
    <SUPER>MyNamespace::MyParentClass</SUPER>
    <SUPER>DCOPObject</SUPER>
    <SUPER>QValueList&lt;<TYPE>QString</TYPE>&gt;</SUPER>
    <CONSTRUCTOR>
        <NAME>Test</NAME>
    </CONSTRUCTOR>
    <METHOD>
        <TYPE>int</TYPE>
        <NAME>getPageOfObj</NAME>
        <ARG><TYPE>int</TYPE><NAME>obj</NAME></ARG>
    </METHOD>
    <METHOD>
        <TYPE>void</TYPE>
        <NAME>setCell</NAME>
        <ARG><TYPE qright="*">KSpreadTable</TYPE><NAME>table</NAME></ARG>
        <ARG><TYPE  qleft="const" qright="&amp;">QPoint</TYPE><NAME>point</NAME></ARG>
    </METHOD>
    <METHOD virtual='1'>
        <TYPE>QString</TYPE>
        <NAME>url</NAME>
    </METHOD>
    <METHOD virtual='1'>
        <TYPE>DCOPRef</TYPE>
        <NAME>firstView</NAME>
    </METHOD>
    <METHOD virtual='1'>
        <TYPE>DCOPRef</TYPE>
        <NAME>nextView</NAME>
    </METHOD>
    <METHOD virtual='1'>
        <TYPE>int</TYPE>
        <NAME>getNumObjects</NAME>
    </METHOD>
    <METHOD virtual='1'>
        <TYPE>DCOPRef</TYPE>
        <NAME>getObject</NAME>
        <ARG><TYPE>int</TYPE><NAME>num</NAME></ARG>
    </METHOD>
    <METHOD virtual='1'>
        <TYPE>int</TYPE>
        <NAME>getNumPages</NAME>
    </METHOD>
    <METHOD virtual='1'>
        <TYPE>DCOPRef</TYPE>
        <NAME>getPage</NAME>
        <ARG><TYPE>int</TYPE><NAME>num</NAME></ARG>
    </METHOD>
    <METHOD>
        <TYPE>int</TYPE>
        <NAME>getPageOfObj</NAME>
        <ARG><TYPE>int</TYPE><NAME>obj</NAME></ARG>
    </METHOD>
    <METHOD>
        <TYPE>void</TYPE>
        <NAME>setCell</NAME>
        <ARG><TYPE  qleft="const" qright="&amp;">int</TYPE><NAME>point</NAME></ARG>
    </METHOD>
    <METHOD>
        <TYPE>QValueList&lt;DCOPRef&gt;</TYPE>
        <NAME>getWindows</NAME>
    </METHOD>
    <METHOD>
        <TYPE>void</TYPE>
        <NAME>blah_signal</NAME>
    </METHOD>
    <METHOD>
        <TYPE qright="*">Test3</TYPE>
        <NAME>doc</NAME>
    </METHOD>
<TYPEDEF name="KIODownloadMap" template="QMap"><TYPE qright="*">KIO::Job</TYPE>,<TYPE>KIODownload</TYPE></TYPEDEF>
</CLASS>
<CLASS>
    <NAME>Test2</NAME>
    <SUPER>DCOPObject</SUPER>
    <METHOD>
        <TYPE>void</TYPE>
        <NAME>fooSignal</NAME>
        <ARG><TYPE>int</TYPE><NAME>arg</NAME></ARG>
    </METHOD>
</CLASS>
<CLASS>
    <NAME>Test3</NAME>
    <SUPER>DCOPObject</SUPER>
    <METHOD>
        <TYPE>void</TYPE>
        <NAME>yadda</NAME>
    </METHOD>
</CLASS>
</ULXR-IDL>
